,hotel_name,url,locality,reviews,tripadvisor_rating,checkIn,checkOut,price_per_night,booking_provider,no_of_deals,hotel_features
0,Travelodge London City hotel,http://www.tripadvisor.com/Hotel_Review-g186338-d13569031-Reviews-Travelodge_London_City_hotel-London_England.html,London,1035 ,,2019/10/01,2019/10/05,,Expedia.com,8,
1,Hampton by Hilton London Docklands,http://www.tripadvisor.com/Hotel_Review-g186338-d12031854-Reviews-Hampton_by_Hilton_London_Docklands-London_England.html,London,550 ,,2019/10/01,2019/10/05,$159,Booking.com,14,
2,Sunborn London,http://www.tripadvisor.com/Hotel_Review-g186338-d6603498-Reviews-Sunborn_London-London_England.html,London,3558 ,,2019/10/01,2019/10/05,,Expedia.com,13,
3,The Walrus Hostel,http://www.tripadvisor.com/Hotel_Review-g186338-d1514443-Reviews-The_Walrus_Hostel-London_England.html,London,585 ,,2019/10/01,2019/10/05,$58,Hostelworld.com,5,
4,"Point A Hotel, London Kings Cross St Pancras",http://www.tripadvisor.com/Hotel_Review-g186338-d3240599-Reviews-Point_A_Hotel_London_Kings_Cross_St_Pancras-London_England.html,London,6295 ,,2019/10/01,2019/10/05,,Expedia.com,14,
5,St. Athans Hotel,http://www.tripadvisor.com/Hotel_Review-g186338-d628205-Reviews-St_Athans_Hotel-London_England.html,London,767 ,,2019/10/01,2019/10/05,$103,Booking.com,11,
6,The W14 Kensington,http://www.tripadvisor.com/Hotel_Review-g186338-d577546-Reviews-The_W14_Kensington-London_England.html,London,1778 ,,2019/10/01,2019/10/05,$115,Booking.com,13,
7,Z Hotel Tottenham Court Road,http://www.tripadvisor.com/Hotel_Review-g186338-d13474415-Reviews-Z_Hotel_Tottenham_Court_Road-London_England.html,London,115 ,,2019/10/01,2019/10/05,$160,Booking.com,0,
8,The Westbridge Hotel,http://www.tripadvisor.com/Hotel_Review-g186338-d3398027-Reviews-The_Westbridge_Hotel-London_England.html,London,1882 ,,2019/10/01,2019/10/05,$122,Booking.com,13,
9,Novotel London Excel,http://www.tripadvisor.com/Hotel_Review-g186338-d291617-Reviews-Novotel_London_Excel-London_England.html,London,2713 ,,2019/10/01,2019/10/05,,TripAdvisor,10,
10,Montana Hotel,http://www.tripadvisor.com/Hotel_Review-g186338-d254585-Reviews-Montana_Hotel-London_England.html,London,1036 ,,2019/10/01,2019/10/05,$171,Booking.com,13,
11,Charlotte Guest House,http://www.tripadvisor.com/Hotel_Review-g186338-d656240-Reviews-Charlotte_Guest_House-London_England.html,London,927 ,,2019/10/01,2019/10/05,$85,Booking.com,10,
12,Holiday Inn London - West,http://www.tripadvisor.com/Hotel_Review-g186338-d313125-Reviews-Holiday_Inn_London_West-London_England.html,London,1039 ,,2019/10/01,2019/10/05,$109,Booking.com,10,
13,Park Plaza London Park Royal,http://www.tripadvisor.com/Hotel_Review-g186338-d11717496-Reviews-Park_Plaza_London_Park_Royal-London_England.html,London,908 ,,2019/10/01,2019/10/05,$137,Booking.com,14,
14,Ibis London Canning Town,http://www.tripadvisor.com/Hotel_Review-g186338-d12938460-Reviews-Ibis_London_Canning_Town-London_England.html,London,375 ,,2019/10/01,2019/10/05,$138,ibis,13,
15,The Z Hotel City,http://www.tripadvisor.com/Hotel_Review-g186338-d9608180-Reviews-The_Z_Hotel_City-London_England.html,London,679 ,,2019/10/01,2019/10/05,$181,Booking.com,5,
16,Hotel 55,http://www.tripadvisor.com/Hotel_Review-g186338-d617244-Reviews-Hotel_55-London_England.html,London,507 ,,2019/10/01,2019/10/05,,Hotels.com,11,
17,Ibis London Shepherds Bush - Hammersmith Hotel,http://www.tripadvisor.com/Hotel_Review-g186338-d3523343-Reviews-Ibis_London_Shepherds_Bush_Hammersmith_Hotel-London_England.html,London,2277 ,,2019/10/01,2019/10/05,$132,ibis,15,
18,Brit Hotels London Court,http://www.tripadvisor.com/Hotel_Review-g186338-d282813-Reviews-Brit_Hotels_London_Court-London_England.html,London,249 ,,2019/10/01,2019/10/05,$159,Booking.com,11,
19,The Mad Hatter Hotel,http://www.tripadvisor.com/Hotel_Review-g186338-d209152-Reviews-The_Mad_Hatter_Hotel-London_England.html,London,1526 ,,2019/10/01,2019/10/05,$178,Booking.com,10,
20,DoubleTree by Hilton London Greenwich,http://www.tripadvisor.com/Hotel_Review-g186338-d3507299-Reviews-DoubleTree_by_Hilton_London_Greenwich-London_England.html,London,2170 ,,2019/10/01,2019/10/05,,Expedia.com,12,
21,The Lion & Key Hotel,http://www.tripadvisor.com/Hotel_Review-g186338-d8833274-Reviews-The_Lion_Key_Hotel-London_England.html,London,266 ,,2019/10/01,2019/10/05,$118,Booking.com,13,
22,The Captain Cook,http://www.tripadvisor.com/Hotel_Review-g186338-d8671439-Reviews-The_Captain_Cook-London_England.html,London,101 ,,2019/10/01,2019/10/05,$93,Booking.com,13,
23,Pelican London Hotel and Residence,http://www.tripadvisor.com/Hotel_Review-g186338-d7182494-Reviews-Pelican_London_Hotel_and_Residence-London_England.html,London,240 ,,2019/10/01,2019/10/05,$80,Booking.com,13,
24,The Hide London,http://www.tripadvisor.com/Hotel_Review-g186338-d1886452-Reviews-The_Hide_London-London_England.html,London,1043 ,,2019/10/01,2019/10/05,$111,Booking.com,12,
25,Kensington Gardens Hotel,http://www.tripadvisor.com/Hotel_Review-g186338-d195311-Reviews-Kensington_Gardens_Hotel-London_England.html,London,360 ,,2019/10/01,2019/10/05,,TripAdvisor,12,
26,Lansbury Heritage Hotel,http://www.tripadvisor.com/Hotel_Review-g186338-d12259847-Reviews-Lansbury_Heritage_Hotel-London_England.html,London,322 ,,2019/10/01,2019/10/05,$213,Booking.com,13,
27,Premier Inn London Hanger Lane Hotel,http://www.tripadvisor.com/Hotel_Review-g186338-d1929257-Reviews-Premier_Inn_London_Hanger_Lane_Hotel-London_England.html,London,2010 ,,2019/10/01,2019/10/05,$65,PremierInn.com,6,
28,hub by Premier Inn London Westminster Abbey,http://www.tripadvisor.com/Hotel_Review-g186338-d12895922-Reviews-Hub_by_Premier_Inn_London_Westminster_Abbey-London_England.html,London,1760 ,,2019/10/01,2019/10/05,$140,PremierInn.com,0,
29,hub by Premier Inn London King's Cross,http://www.tripadvisor.com/Hotel_Review-g186338-d12503727-Reviews-Hub_by_Premier_Inn_London_King_s_Cross-London_England.html,London,2034 ,,2019/10/01,2019/10/05,$119,PremierInn.com,0,
