,hotel_name,url,locality,reviews,tripadvisor_rating,checkIn,checkOut,price_per_night,booking_provider,no_of_deals,hotel_features
0,Divani Caravel Hotel,http://www.tripadvisor.com/Hotel_Review-g189400-d230392-Reviews-Divani_Caravel_Hotel-Athens_Attica.html,Athens,296 ,,2019/10/01,2019/10/05,$152,Expedia.com,13,
1,Centrotel Hotel,http://www.tripadvisor.com/Hotel_Review-g189400-d657423-Reviews-Centrotel_Hotel-Athens_Attica.html,Athens,1318 ,,2019/10/01,2019/10/05,$53,Booking.com,9,
2,Herodion Hotel,http://www.tripadvisor.com/Hotel_Review-g189400-d228864-Reviews-Herodion_Hotel-Athens_Attica.html,Athens,2980 ,,2019/10/01,2019/10/05,,Booking.com,14,
3,Central Athens Hotel,http://www.tripadvisor.com/Hotel_Review-g189400-d554815-Reviews-Central_Athens_Hotel-Athens_Attica.html,Athens,2108 ,,2019/10/01,2019/10/05,$183,Booking.com,15,
4,Wyndham Grand Athens,http://www.tripadvisor.com/Hotel_Review-g189400-d10961869-Reviews-Wyndham_Grand_Athens-Athens_Attica.html,Athens,872 ,,2019/10/01,2019/10/05,$128,Booking.com,17,
5,Areos Hotel,http://www.tripadvisor.com/Hotel_Review-g189400-d1160295-Reviews-Areos_Hotel-Athens_Attica.html,Athens,720 ,,2019/10/01,2019/10/05,$99,Booking.com,13,
6,Central Athens Hotel,http://www.tripadvisor.com/Hotel_Review-g189400-d554815-Reviews-Central_Athens_Hotel-Athens_Attica.html,Athens,2108 ,,2019/10/01,2019/10/05,$161,Expedia.com,8,
7,AD Athens Luxury Rooms and Suites,http://www.tripadvisor.com/Hotel_Review-g189400-d12590456-Reviews-AD_Athens_Luxury_Rooms_and_Suites-Athens_Attica.html,Athens,162 ,,2019/10/01,2019/10/05,$165,Booking.com,10,
8,O&B Athens Boutique Hotel,http://www.tripadvisor.com/Hotel_Review-g189400-d607425-Reviews-O_B_Athens_Boutique_Hotel-Athens_Attica.html,Athens,2254 ,,2019/10/01,2019/10/05,$142,Booking.com,14,
9,Crowne Plaza Hotel - Athens City Centre,http://www.tripadvisor.com/Hotel_Review-g189400-d229415-Reviews-Crowne_Plaza_Hotel_Athens_City_Centre-Athens_Attica.html,Athens,1000 ,,2019/10/01,2019/10/05,$213,Booking.com,10,
10,InterContinental Athenaeum,http://www.tripadvisor.com/Hotel_Review-g189400-d233052-Reviews-InterContinental_Athenaeum-Athens_Attica.html,Athens,2635 ,,2019/10/01,2019/10/05,$276,Expedia.com,10,
11,Hilton Athens,http://www.tripadvisor.com/Hotel_Review-g189400-d198932-Reviews-Hilton_Athens-Athens_Attica.html,Athens,4406 ,,2019/10/01,2019/10/05,$296,Hilton,15,
12,Wyndham Athens Residence,http://www.tripadvisor.com/Hotel_Review-g189400-d13949988-Reviews-Wyndham_Athens_Residence-Athens_Attica.html,Athens,315 ,,2019/10/01,2019/10/05,,Booking.com,14,
13,Hotel Metropolis,http://www.tripadvisor.com/Hotel_Review-g189400-d579328-Reviews-Hotel_Metropolis-Athens_Attica.html,Athens,749 ,,2019/10/01,2019/10/05,$116,Booking.com,9,
14,Melia Athens,http://www.tripadvisor.com/Hotel_Review-g189400-d507363-Reviews-Melia_Athens-Athens_Attica.html,Athens,2650 ,,2019/10/01,2019/10/05,$125,Booking.com,16,
15,Athens Backpackers,http://www.tripadvisor.com/Hotel_Review-g189400-d569007-Reviews-Athens_Backpackers-Athens_Attica.html,Athens,570 ,,2019/10/01,2019/10/05,,Expedia.com,9,
16,Attalos Hotel,http://www.tripadvisor.com/Hotel_Review-g189400-d235705-Reviews-Attalos_Hotel-Athens_Attica.html,Athens,2213 ,,2019/10/01,2019/10/05,,TripAdvisor,10,
17,Plaka Hotel,http://www.tripadvisor.com/Hotel_Review-g189400-d197721-Reviews-Plaka_Hotel-Athens_Attica.html,Athens,3841 ,,2019/10/01,2019/10/05,,TripAdvisor,12,
18,InnAthens,http://www.tripadvisor.com/Hotel_Review-g189400-d8555475-Reviews-InnAthens-Athens_Attica.html,Athens,513 ,,2019/10/01,2019/10/05,,TripAdvisor,12,
19,Athens Studios,http://www.tripadvisor.com/Hotel_Review-g189400-d630141-Reviews-Athens_Studios-Athens_Attica.html,Athens,423 ,,2019/10/01,2019/10/05,,Expedia.com,11,
20,Acropolis Stay,http://www.tripadvisor.com/Hotel_Review-g189400-d12606994-Reviews-Acropolis_Stay-Athens_Attica.html,Athens,100 ,,2019/10/01,2019/10/05,$114,Booking.com,12,
21,Athens Green Apartments,http://www.tripadvisor.com/Hotel_Review-g189400-d2151086-Reviews-Athens_Green_Apartments-Athens_Attica.html,Athens,348 ,,2019/10/01,2019/10/05,$134,Booking.com,8,
22,Athens Mosaico Suites & Apartments,http://www.tripadvisor.com/Hotel_Review-g189400-d13073362-Reviews-Athens_Mosaico_Suites_Apartments-Athens_Attica.html,Athens,69 ,,2019/10/01,2019/10/05,,Expedia.com,8,
23,"Hotel Grande Bretagne, A Luxury Collection Hotel",http://www.tripadvisor.com/Hotel_Review-g189400-d198715-Reviews-Hotel_Grande_Bretagne_A_Luxury_Collection_Hotel-Athens_Attica.html,Athens,4061 ,,2019/10/01,2019/10/05,,TripAdvisor,10,
24,Home and Poetry,http://www.tripadvisor.com/Hotel_Review-g189400-d12389149-Reviews-Home_and_Poetry-Athens_Attica.html,Athens,141 ,,2019/10/01,2019/10/05,,TripAdvisor,14,
25,MET34 Athens,http://www.tripadvisor.com/Hotel_Review-g189400-d9803760-Reviews-MET34_Athens-Athens_Attica.html,Athens,287 ,,2019/10/01,2019/10/05,,Expedia.com,12,
26,Palladian Home,http://www.tripadvisor.com/Hotel_Review-g189400-d12505463-Reviews-Palladian_Home-Athens_Attica.html,Athens,158 ,,2019/10/01,2019/10/05,,TripAdvisor,13,
27,Electra Palace Athens,http://www.tripadvisor.com/Hotel_Review-g189400-d228901-Reviews-Electra_Palace_Athens-Athens_Attica.html,Athens,3718 ,,2019/10/01,2019/10/05,,Booking.com,15,
28,AVA Hotel Athens,http://www.tripadvisor.com/Hotel_Review-g189400-d529729-Reviews-AVA_Hotel_Athens-Athens_Attica.html,Athens,1923 ,,2019/10/01,2019/10/05,$317,Booking.com,9,
29,Electra Metropolis Hotel,http://www.tripadvisor.com/Hotel_Review-g189400-d10798588-Reviews-Electra_Metropolis_Hotel-Athens_Attica.html,Athens,1170 ,,2019/10/01,2019/10/05,,TripAdvisor,17,
30,18 Micon Str.,http://www.tripadvisor.com/Hotel_Review-g189400-d12263148-Reviews-18_Micon_Str-Athens_Attica.html,Athens,188 ,,2019/10/01,2019/10/05,,Travelocity,14,
31,Acropolis Hill Hotel,http://www.tripadvisor.com/Hotel_Review-g189400-d1935949-Reviews-Acropolis_Hill_Hotel-Athens_Attica.html,Athens,881 ,,2019/10/01,2019/10/05,,TripAdvisor,12,
